time_s,total_energy_J
1.577880e+06,-1.982536e+35
3.155760e+06,-1.982536e+35
4.733640e+06,-1.982536e+35
6.311520e+06,-1.982536e+35
7.889400e+06,-1.982536e+35
9.467280e+06,-1.982536e+35
1.104516e+07,-1.982536e+35
1.262304e+07,-1.982536e+35
